{
    "menus": [
        {
            "name": "김말이",
            "price": 200
        },
        {
            "name": "오징어튀김",
            "price": 400
        },
        {
            "name": "새우튀김",
            "price": 400
        },
        {
            "name": "고구마튀김",
            "price": 300
        },
        {
            "name": "탕수육",
            "price": 250
        },
        {
            "name": "야채튀김",
            "price": 200
        },
        {
            "name": "만두튀김",
            "price": 200
        },
        {
            "name": "멸치튀김",
            "price": 150
        },
        {
            "name": "감자튀김",
            "price": 250
        },
        {
            "name": "떡튀김",
            "price": 200
        },
        {
            "name": "쏘세지튀김",
            "price": 300
        }
    ]
}
